"Timestamp","Wednesday 10 to 11","Wednesday 11 to 12","Wednesday 2 to 3","Wednesday 3 to 4","Thursday 10 to 11","Thursday 11 to 12","Thursday 12 to 1","Thursday 1 to 2"
"2019/02/05 12:08:25 PM PST","I can make it!","I can make it!","","","","","I can make it!","I can make it!"
"2019/02/05 12:08:27 PM PST","","I can make it!","I can make it!","","","I can make it!","I can make it!","I can make it!"
"2019/02/05 12:17:12 PM PST","","","I can make it!","I can make it!","","","",""
"2019/02/05 12:22:43 PM PST","","","","","I can make it!","I can make it!","I can make it!",""
"2019/02/05 2:00:43 PM PST","","","","","","","I can make it!","I can make it!"
"2019/02/05 2:01:00 PM PST","I can make it!","I can make it!","I can make it!","I can make it!","","","I can make it!","I can make it!"
"2019/02/05 2:01:10 PM PST","","","","","","","",""
"2019/02/05 2:01:19 PM PST","","","I can make it!","I can make it!","","I can make it!","I can make it!",""
"2019/02/05 2:01:29 PM PST","","I can make it!","","","I can make it!","","",""
"2019/02/05 2:01:32 PM PST","","","","","","","",""
"2019/02/05 2:01:35 PM PST","I can make it!","","","","I can make it!","I can make it!","","I can make it!"
"2019/02/05 2:01:47 PM PST","I can make it!","I can make it!","","","","","",""
"2019/02/05 2:01:57 PM PST","","","","","","","I can make it!","I can make it!"
"2019/02/05 2:01:58 PM PST","","I can make it!","I can make it!","I can make it!","","I can make it!","I can make it!","I can make it!"
"2019/02/05 2:02:02 PM PST","I can make it!","I can make it!","","","I can make it!","I can make it!","","I can make it!"
"2019/02/05 2:02:08 PM PST","","","","","","","I can make it!","I can make it!"
"2019/02/05 2:02:24 PM PST","","","I can make it!","I can make it!","","","","I can make it!"
"2019/02/05 2:02:46 PM PST","","","","","","","","I can make it!"
"2019/02/05 2:02:53 PM PST","","","I can make it!","I can make it!","","","","I can make it!"
"2019/02/05 2:02:53 PM PST","","I can make it!","","I can make it!","","","I can make it!","I can make it!"
